{"cameraMode":{"drawMode":31,"name":"Sprite Mask","section":"Miscellaneous"},"sceneLighting":false,"audioPlay":false,"sceneViewState":{"showFog":true,"showMaterialUpdate":true,"showSkybox":true,"showFlares":true,"showImageEffects":true,"showParticleSystems":true},"in2DMode":false,"pivot":{"x":1068.35400390625,"y":222.35357666015626,"z":2315.89013671875},"rotation":{"x":0.08266568928956986,"y":0.034370291978120807,"z":-0.0028526734095066787,"w":0.9959811568260193},"size":3326.077392578125,"orthographic":false}