{"cameraMode":{"drawMode":31,"name":"Sprite Mask","section":"Miscellaneous"},"sceneLighting":false,"audioPlay":false,"sceneViewState":{"showFog":true,"showMaterialUpdate":true,"showSkybox":true,"showFlares":true,"showImageEffects":true,"showParticleSystems":true},"in2DMode":false,"pivot":{"x":1118.808837890625,"y":-607.29638671875,"z":1399.111328125},"rotation":{"x":0.14439934492111207,"y":0.10959219187498093,"z":-0.01609380915760994,"w":0.983301043510437},"size":3998.1162109375,"orthographic":false}